{
    "logistic_regression": {
        "accuracy": 0.985,
        "precision": 0.9830677290836654,
        "recall": 0.987,
        "f1_score": 0.9850299401197605,
        "training_time_seconds": 0.21914291381835938
    },
    "naive_bayes": {
        "accuracy": 0.94,
        "precision": 0.9404404404404404,
        "recall": 0.9395,
        "f1_score": 0.9399699849924963,
        "training_time_seconds": 0.01990365982055664
    },
    "passive_aggressive": {
        "accuracy": 0.9925,
        "precision": 0.9934869739478958,
        "recall": 0.9915,
        "f1_score": 0.9924924924924925,
        "training_time_seconds": 0.16006255149841309
    }
}